{
    "overall": {
        "supply_status_distribution": {
            "Oversupplied": 48810,
            "Optimal": 24290
        },
        "avg_inventory_sales_ratio": 6.165394381002143,
        "avg_supply_gap": 138.00500683994528,
        "avg_forecast_accuracy": 0.8542978259841087
    },
    "category": {
        "supply_status_by_category": {
            "Optimal": {
                "Clothing": 4882,
                "Electronics": 4777,
                "Furniture": 4919,
                "Groceries": 4881,
                "Toys": 4831
            },
            "Oversupplied": {
                "Clothing": 9744,
                "Electronics": 9744,
                "Furniture": 9780,
                "Groceries": 9730,
                "Toys": 9812
            }
        },
        "supply_status_pct_by_category": {
            "Optimal": {
                "Clothing": 33.378914262272666,
                "Electronics": 32.89718338957372,
                "Furniture": 33.46486155520784,
                "Groceries": 33.406337690780916,
                "Toys": 32.99187325001707
            },
            "Oversupplied": {
                "Clothing": 66.62108573772734,
                "Electronics": 67.10281661042627,
                "Furniture": 66.53513844479217,
                "Groceries": 66.59366230921908,
                "Toys": 67.00812674998294
            }
        },
        "category_metrics": {
            "Inventory_Sales_Ratio": {
                "Clothing": 6.235499728538282,
                "Electronics": 5.7463117243251425,
                "Furniture": 6.233649521961452,
                "Groceries": 6.435500370816333,
                "Toys": 6.172814608705743
            },
            "Supply_Gap": {
                "Clothing": 137.91200601668262,
                "Electronics": 137.5077474003168,
                "Furniture": 138.05061568814205,
                "Groceries": 138.83943604133873,
                "Toys": 137.71262719388105
            },
            "Forecast_Accuracy": {
                "Clothing": 0.8877408942956906,
                "Electronics": 0.8650553774353344,
                "Furniture": 0.868991770734716,
                "Groceries": 0.8055912982585638,
                "Toys": 0.8440756079249897
            }
        }
    },
    "product": {
        "top_products_metrics": {
            "Supply_Status": {
                "P0016": "Oversupplied",
                "P0020": "Oversupplied",
                "P0014": "Oversupplied",
                "P0015": "Oversupplied",
                "P0005": "Oversupplied",
                "P0009": "Oversupplied",
                "P0013": "Oversupplied",
                "P0017": "Oversupplied",
                "P0011": "Oversupplied",
                "P0007": "Oversupplied"
            },
            "Inventory_Sales_Ratio": {
                "P0016": 5.324712650000678,
                "P0020": 5.877298730438389,
                "P0014": 6.04183232021279,
                "P0015": 7.100905141139137,
                "P0005": 5.8846746603245235,
                "P0009": 5.938120213025665,
                "P0013": 6.194444030182888,
                "P0017": 6.004085390063596,
                "P0011": 6.0716284408505,
                "P0007": 6.332724696346978
            },
            "Supply_Gap": {
                "P0016": 138.38823529411764,
                "P0020": 137.890560875513,
                "P0014": 139.0079343365253,
                "P0015": 137.61668946648427,
                "P0005": 135.24487004103966,
                "P0009": 137.95512995896033,
                "P0013": 138.14309165526674,
                "P0017": 141.3824897400821,
                "P0011": 136.18331053351574,
                "P0007": 138.1001367989056
            },
            "Forecast_Accuracy": {
                "P0016": 0.8394753450697751,
                "P0020": 0.9055919414614153,
                "P0014": 0.8581695035765248,
                "P0015": 0.8837086480381103,
                "P0005": 0.8451437155369864,
                "P0009": 0.8364504319254346,
                "P0013": 0.8305580241298466,
                "P0017": 0.8053908665902925,
                "P0011": 0.794359541529893,
                "P0007": 0.8587469925156563
            },
            "Units Sold": {
                "P0016": 508472,
                "P0020": 507708,
                "P0014": 507622,
                "P0015": 507283,
                "P0005": 503648,
                "P0009": 502086,
                "P0013": 500619,
                "P0017": 500510,
                "P0011": 499362,
                "P0007": 499321
            },
            "Inventory Level": {
                "P0016": 277.5050615595075,
                "P0020": 276.7983584131327,
                "P0014": 277.8922024623803,
                "P0015": 276.40820793433653,
                "P0005": 273.04186046511626,
                "P0009": 275.32476060191516,
                "P0013": 275.1113543091655,
                "P0017": 278.3209302325581,
                "P0011": 272.8076607387141,
                "P0007": 274.71326949384405
            }
        },
        "most_undersupplied": {
            "Supply_Status": {
                "P0005": "Oversupplied",
                "P0004": "Oversupplied",
                "P0011": "Oversupplied",
                "P0001": "Oversupplied",
                "P0006": "Oversupplied",
                "P0015": "Oversupplied",
                "P0002": "Oversupplied",
                "P0018": "Oversupplied",
                "P0020": "Oversupplied",
                "P0009": "Oversupplied"
            },
            "Inventory_Sales_Ratio": {
                "P0005": 5.8846746603245235,
                "P0004": 6.370952815894472,
                "P0011": 6.0716284408505,
                "P0001": 5.8172107682568495,
                "P0006": 5.768013240654623,
                "P0015": 7.100905141139137,
                "P0002": 6.800554214734526,
                "P0018": 5.526315788295442,
                "P0020": 5.877298730438389,
                "P0009": 5.938120213025665
            },
            "Supply_Gap": {
                "P0005": 135.24487004103966,
                "P0004": 135.98850889192886,
                "P0011": 136.18331053351574,
                "P0001": 136.72558139534883,
                "P0006": 137.55731874145008,
                "P0015": 137.61668946648427,
                "P0002": 137.67770177838577,
                "P0018": 137.7778385772914,
                "P0020": 137.890560875513,
                "P0009": 137.95512995896033
            },
            "Forecast_Accuracy": {
                "P0005": 0.8451437155369864,
                "P0004": 0.8752285983245203,
                "P0011": 0.794359541529893,
                "P0001": 0.7386559771847305,
                "P0006": 0.8392163454154369,
                "P0015": 0.8837086480381103,
                "P0002": 0.8401293916107361,
                "P0018": 0.8722661793051735,
                "P0020": 0.9055919414614153,
                "P0009": 0.8364504319254346
            },
            "Units Sold": {
                "P0005": 503648,
                "P0004": 495501,
                "P0011": 499362,
                "P0001": 498061,
                "P0006": 497131,
                "P0015": 507283,
                "P0002": 487827,
                "P0018": 492551,
                "P0020": 507708,
                "P0009": 502086
            },
            "Inventory Level": {
                "P0005": 273.04186046511626,
                "P0004": 271.55649794801644,
                "P0011": 272.8076607387141,
                "P0001": 272.9939808481532,
                "P0006": 273.57127222982217,
                "P0015": 276.40820793433653,
                "P0002": 271.14610123119013,
                "P0018": 272.53871409028727,
                "P0020": 276.7983584131327,