{
    "category": {
        "monthly_category_sales": {
            "Clothing": {
                "Jan": 134.03212172442943,
                "Feb": 139.8375420875421,
                "Mar": 130.36016260162603,
                "Apr": 136.8303715670436,
                "May": 132.75970272502065,
                "Jun": 138.7567783094099,
                "Jul": 143.90056588520613,
                "Aug": 136.4875502008032,
                "Sep": 136.66339066339066,
                "Oct": 134.07876712328766,
                "Nov": 139.00319744204637,
                "Dec": 137.22666666666666
            },
            "Electronics": {
                "Jan": 137.90622537431048,
                "Feb": 130.3221288515406,
                "Mar": 135.8929794520548,
                "Apr": 129.74743150684932,
                "May": 136.35731807031888,
                "Jun": 136.02629346904155,
                "Jul": 135.22749196141478,
                "Aug": 135.95820189274448,
                "Sep": 134.92158516020237,
                "Oct": 140.80986475735878,
                "Nov": 133.6848281642917,
                "Dec": 132.2988416988417
            },
            "Furniture": {
                "Jan": 137.68130990415335,
                "Feb": 137.1106309420916,
                "Mar": 139.452140077821,
                "Apr": 137.76124567474048,
                "May": 131.52199170124481,
                "Jun": 137.8649789029536,
                "Jul": 139.219473264166,
                "Aug": 135.14171974522293,
                "Sep": 132.90863787375415,
                "Oct": 141.8073899371069,
                "Nov": 143.01243781094527,
                "Dec": 139.31151419558358
            },
            "Groceries": {
                "Jan": 136.76982294072363,
                "Feb": 141.09532538955088,
                "Mar": 139.13513513513513,
                "Apr": 133.37799834574028,
                "May": 135.67365269461078,
                "Jun": 138.46677740863788,
                "Jul": 142.86160337552744,
                "Aug": 133.8015332197615,
                "Sep": 141.39141414141415,
                "Oct": 136.0007788161994,
                "Nov": 138.02101576182136,
                "Dec": 126.97923588039868
            },
            "Toys": {
                "Jan": 133.3739398612182,
                "Feb": 144.50686184812443,
                "Mar": 134.3314238952537,
                "Apr": 135.89096826688365,
                "May": 135.6661224489796,
                "Jun": 133.01358234295415,
                "Jul": 136.28883684621388,
                "Aug": 137.05171042163883,
                "Sep": 134.96502914238135,
                "Oct": 134.4569319114028,
                "Nov": 138.40149006622516,
                "Dec": 134.1962692619627
            }
        },
        "seasonal_category_sales": {
            "Clothing": {
                "Autumn": 137.06380638063806,
                "Spring": 136.29360544217687,
                "Summer": 136.50055157198014,
                "Winter": 136.88587693141773
            },
            "Electronics": {
                "Autumn": 137.14643652561247,
                "Spring": 134.167576419214,
                "Summer": 134.0169306389951,
                "Winter": 134.73272273105746
            },
            "Furniture": {
                "Autumn": 140.6047419804742,
                "Spring": 138.50119840213048,
                "Summer": 134.42966402622235,
                "Winter": 137.56895619253652
            },
            "Groceries": {
                "Autumn": 139.1702927746441,
                "Spring": 134.43426966292134,
                "Summer": 134.61214574898784,
                "Winter": 139.39470052442726
            },
            "Toys": {
                "Autumn": 134.94202898550725,
                "Spring": 135.63008463008464,
                "Summer": 137.60860038345658,
                "Winter": 135.56100217864923
            }
        },
        "top_category_by_season": {
            "Seasonality": {
                "0": "Autumn",
                "1": "Spring",
                "2": "Summer",
                "3": "Winter"
            },
            "Category": {
                "0": "Groceries",
                "1": "Furniture",
                "2": "Toys",
                "3": "Furniture"
            },
            "Units Sold": {
                "0": 518131,
                "1": 520072,
                "2": 502409,
                "3": 508730
            }
        }
    },
    "product": {
        "monthly_top_product_sales": {
            "P0005": {
                "Jan": 145.14285714285714,
                "Feb": 129.475,
                "Mar": 133.91935483870967,
                "Apr": 134.94666666666666,
                "May": 136.23548387096776,
                "Jun": 149.66333333333333,
                "Jul": 134.01612903225808,
                "Aug": 137.17096774193547,
                "Sep": 137.97,
                "Oct": 137.3967741935484,
                "Nov": 137.19666666666666,
                "Dec": 139.78387096774193
            },
            "P0014": {
                "Jan": 145.8761904761905,
                "Feb": 148.62142857142857,
                "Mar": 126.59032258064516,
                "Apr": 139.02333333333334,
                "May": 133.79032258064515,
                "Jun": 131.10666666666665,
                "Jul": 140.9,
                "Aug": 143.03225806451613,
                "Sep": 143.40666666666667,
                "Oct": 138.82258064516128,
                "Nov": 134.02666666666667,
                "Dec": 141.98709677419356
            },
            "P0015": {
                "Jan": 149.6952380952381,
                "Feb": 142.6392857142857,
                "Mar": 141.82903225806453,
                "Apr": 131.78333333333333,
                "May": 142.6032258064516,
                "Jun": 140.42,
                "Jul": 145.99354838709678,
                "Aug": 131.96129032258065,
                "Sep": 134.97,
                "Oct": 135.84516129032258,
                "Nov": 140.88,
                "Dec": 126.84516129032258
            },
            "P0016": {
                "Jan": 128.67619047619047,
                "Feb": 139.6392857142857,
                "Mar": 134.21612903225807,
                "Apr": 136.57666666666665,
                "May": 132.82258064516128,
                "Jun": 141.53333333333333,
                "Jul": 152.30322580645162,
                "Aug": 140.43548387096774,
                "Sep": 139.33333333333334,
                "Oct": 134.7290322580645,
                "Nov": 152.92,
                "Dec": 136.88387096774193
            },
            "P0020": {
                "Jan": 136.26031746031745,
                "Feb": 139.74285714285713,
                "Mar": 143.50967741935483,
                "Apr": 142.71666666666667,
                "May": 128.08387096774194,
                "Jun": 142.86,
                "Jul": 150.03225806451613,
                "Aug": 118.76129032258065,
                "Sep": 136.09666666666666,
                "Oct": 145.95806451612904,
                "Nov": 145.6,
                "Dec": 137.7709677419355
            }
        },
        "seasonal_top_product_sales": {
            "P0005": {
                "Autumn": 140.2582056892779,
                "Spring": 136.79956663055253,
                "Summer": 136.18584070796462,
                "Winter": 137.93654266958424
            },
            "P0014": {
                "Autumn": 144.13450937155457,
                "Spring": 137.25806451612902,
                "Summer": 139.67632850241546,
                "Winter": 134.7844827586207
            },
            "P0015": {
                "Autumn": 140.34442060085837,
                "Spring": 136.60222222222222,
                "Summer": 140.76530612244898,
                "Winter": 137.49734325185972
            },